keyword,category
multas,prohibiciones
cierre,prohibiciones
aforo,prohibiciones
actividad no esencial,prohibiciones
suspensión,prohibiciones
patrullaje,prohibiciones
operativo,prohibiciones
retenes,prohibiciones
módulo,prohibiciones
protocolos,prohibiciones
contingencia sanitaria,prohibiciones
bebidas alcohólicas,prohibiciones
funerarios,prohibiciones
cremación,prohibiciones
velación,prohibiciones
combustible,prohibiciones
cubreboca,prohibiciones
seguro,prohibiciones
reinserción social,prohibiciones
obra pública,prohibiciones
obra privada,prohibiciones
acto religioso,prohibiciones
transporte gratuito,prohibiciones
cierres,prohibiciones
,prohibiciones
actividad esencial,prohibiciones
,prohibiciones
patrullajes,prohibiciones
operativos,prohibiciones
retén,prohibiciones
,prohibiciones
,prohibiciones
,prohibiciones
ley seca,prohibiciones
funeraria,prohibiciones
cremar,prohibiciones
velar,prohibiciones
,prohibiciones
cubrebocas,prohibiciones
seguridad social,prohibiciones
preso,prohibiciones
,prohibiciones
,prohibiciones
actos religiosos,prohibiciones
transporte público gratuito,prohibiciones
agua potable,facilidades
servicios,facilidades
playas,lugares
bares,lugares
cines,lugares
casinos,lugares
salones,lugares
antros,lugares
hoteles,lugares
tiempo compartido,lugares
áreas naturales,lugares
centro comercial,lugares
áreas turísticas,lugares
balnearios,lugares
paseo turístico,lugares
centro turístico,lugares
centro cultural,lugares
supermercado,lugares
tianguis,lugares
mercados,lugares
cruceros,lugares
bailes,lugares
tours,lugares
peregrinación,lugares
recreativas,lugares
guarderías,lugares
adulto mayor,lugares
bibliotecas,lugares
teatros,lugares
feria,lugares
viaje,lugares
restaurantes,lugares
artísticos,lugares
deportivos,lugares
mineras,lugares
establecimientos,lugares
dotaciones,medico
apoyo alimentario,medico
apoyo alimenticio,medico
medicamento,medico
filtro sanitario,medico
prueba médica,medico
brigadas,medico
clínicas,medico
insumos médicos,medico
pruebas rápidas,medico
unidad médica,medico
servicio de mensajes,comuniciacion
app,comuniciacion
micrositio,comuniciacion
denuncias,comuniciacion
cuestionario digital,comuniciacion
auxilio,comuniciacion