,parameter,newspaper,title,date,date_policy,search_,type_newspaper
0,escuelas coronavirus, https://www.lja.mx/?p=327795, Aguascalientes debe aclarar cómo gastó 2 mil 309 mdp, 2020-05-18T00:02:50,,                          lja.mx-?p=327795, wordpress
1,escuelas coronavirus, https://www.lja.mx/?p=327829, Salir de la crisis por COVID-19 con perspectiva de género, 2020-05-18T00:02:26,,                          lja.mx-?p=327829, wordpress
2,escuelas coronavirus, https://www.lja.mx/?p=327452, La salida/ Opciones y decisiones , 2020-05-15T00:01:33,,                          lja.mx-?p=327452, wordpress
3,escuelas coronavirus, https://www.lja.mx/?p=327324, El regreso a la Nueva Normalidad post COVID-19, 2020-05-14T00:02:54,,1, wordpress
4,escuelas coronavirus, https://www.lja.mx/?p=327456, La pandemia que nos mostró la importancia de ser maestro , 2020-05-14T00:01:16,,                          lja.mx-?p=327456, wordpress
5,escuelas coronavirus, https://www.lja.mx/?p=327220, Efectos sicológicos del confinamiento en la niñez dependen del hogar, 2020-05-13T00:02:29,,                          lja.mx-?p=327220, wordpress
6,escuelas coronavirus, https://www.lja.mx/?p=327263, La Purísima… Grilla:  Desconfinamiento, 2020-05-13T00:01:21,,                          lja.mx-?p=327263, wordpress
7,escuelas coronavirus, https://www.lja.mx/?p=327100, Tras crisis sanitaria por COVID-19 vendrá la económica para el mundo y el país, 2020-05-12T00:02:03,,                          lja.mx-?p=327100, wordpress
8,escuelas coronavirus, https://www.lja.mx/?p=326579, En Aguascalientes alumnos vulnerables a Covid-19 podrán faltar a clases físicas para no arriesgar su salud, 2020-05-08T00:02:46,,                          lja.mx-?p=326579, wordpress
9,escuelas coronavirus, https://www.lja.mx/?p=326103, Reuniones virtuales de organización en el IEA de la tercera etapa de aislamiento productivo, 2020-05-05T00:00:12,,                          lja.mx-?p=326103, wordpress
10,escuelas coronavirus, https://www.lja.mx/?p=325642, Las compras inútiles de Felipe Calderón con la influenza: Millones se hicieron polvo, 2020-05-01T00:02:12,,                          lja.mx-?p=325642, wordpress
11,escuelas coronavirus, https://www.lja.mx/?p=325527, Unidades de transporte colectivo foráneo sólo permiten que nueve personas por viaje en Aguascalientes, 2020-04-30T00:00:01,,                          lja.mx-?p=325527, wordpress
12,escuelas coronavirus, https://www.lja.mx/?p=323868, Desde Aguascalientes confirma IEA que el regreso físico a clases como mínimo será al 17 de mayo a causa de pandemia por COVID-19, 2020-04-20T00:02:29,,                          lja.mx-?p=323868, wordpress
13,escuelas coronavirus, https://www.lja.mx/?p=323589, Desigualdades educativas , 2020-04-17T00:01:18,,                          lja.mx-?p=323589, wordpress
14,escuelas coronavirus, https://www.lja.mx/?p=323375, Presentan lineamientos para atención de embarazadas y recién nacidos, 2020-04-15T00:02:10,,                          lja.mx-?p=323375, wordpress
15,escuelas coronavirus, https://www.lja.mx/?p=323388, Instala UNAM plataforma de información geográfica sobre Covid-19 en México   , 2020-04-15T00:00:30,,                          lja.mx-?p=323388, wordpress
16,escuelas coronavirus, https://www.lja.mx/?p=323379, La pandemia de coronavirus es 10 veces más mortal que la de gripe H1N1 en 2009, 2020-04-15T00:00:09,,                          lja.mx-?p=323379, wordpress
17,escuelas coronavirus, https://www.lja.mx/?p=322156, El sexo durante el coronavirus tiene sus variantes, 2020-04-07T00:02:16,,                          lja.mx-?p=322156, wordpress
18,escuelas coronavirus, https://www.lja.mx/?p=321578, La comunidad artística nos dice: ¡quédate en casa! (parte I) / La escena , 2020-04-03T00:01:41,,                          lja.mx-?p=321578, wordpress
19,escuelas coronavirus, https://www.lja.mx/?p=321516, Padres de familia pueden consultar calificaciones en línea , 2020-04-02T00:00:40,,                          lja.mx-?p=321516, wordpress
20,escuelas coronavirus, https://www.lja.mx/?p=321139, La guerra de Italia contra el Covid-19, 2020-03-31T00:02:21,,                          lja.mx-?p=321139, wordpress
21,escuelas coronavirus, https://www.lja.mx/?p=320933, Change.org aloja miles de reclamos por coronavirus, 2020-03-30T00:02:41,,                          lja.mx-?p=320933, wordpress
22,escuelas coronavirus, https://www.lja.mx/?p=320794, Servicio de transporte urbano de Aguascalientes se reducirá hasta el 30%, 2020-03-28T00:00:12,,1, wordpress
23,escuelas coronavirus, https://www.lja.mx/?p=320476, Sin política de género ante Covid-19 se profundiza desigualdad de género, 2020-03-26T00:00:10,,                          lja.mx-?p=320476, wordpress
24,escuelas coronavirus, https://www.lja.mx/?p=320327, Anuncia Gobierno Federal inicio de Fase 2 de la epidemia de Covid-19, 2020-03-25T00:02:31,,1, wordpress
25,escuelas coronavirus, https://www.lja.mx/?p=320404, México ha sido totalmente coherente con el llamado del Director General de la OMS, 2020-03-25T00:02:21,,                          lja.mx-?p=320404, wordpress
26,escuelas coronavirus, https://www.lja.mx/?p=320264, Sin perspectiva de género la Guía de acción para los centros de trabajo ante el Covid-19 de la STyPS, 2020-03-24T00:02:31,,                          lja.mx-?p=320264, wordpress
27,escuelas coronavirus, https://www.lja.mx/?p=320092, 11 lecciones para tumbar al coronavirus, 2020-03-23T00:05:20,,                          lja.mx-?p=320092, wordpress
28,escuelas coronavirus, https://www.lja.mx/?p=320136, Coronavirus: impacto diferenciado para mujeres y hombres en lo laboral, 2020-03-23T00:02:46,,                          lja.mx-?p=320136, wordpress
29,escuelas coronavirus, https://www.lja.mx/?p=320075, Covid-19: Actividad económica y transporte público, 2020-03-23T00:01:49,,                          lja.mx-?p=320075, wordpress
30,escuelas coronavirus, https://www.lja.mx/?p=320024, #ElTwitazoLJAMx , 2020-03-23T00:01:32,,                          lja.mx-?p=320024, wordpress
31,escuelas coronavirus, https://www.lja.mx/?p=319986, Registro a Educación Media Superior de Aguascalientes será en línea, 2020-03-21T00:00:57,,                          lja.mx-?p=319986, wordpress
32,escuelas coronavirus, https://www.lja.mx/?p=319872, Medidas de mitigación por coronavirus deben incorporar perspectiva de género, 2020-03-20T00:00:57,,1, wordpress
33,escuelas coronavirus, https://www.lja.mx/?p=319913, Salud mental otra cara del coronavirus, 2020-03-20T00:00:10,,                          lja.mx-?p=319913, wordpress
34,escuelas coronavirus, https://www.lja.mx/?p=319717, La Purísima… Grilla:  Amuleto, 2020-03-19T00:02:53,,                          lja.mx-?p=319717, wordpress
35,escuelas coronavirus, https://www.lja.mx/?p=319772, Ante Covid-19 la prevención comienza en casa   , 2020-03-19T00:00:34,,                          lja.mx-?p=319772, wordpress
36,escuelas coronavirus, https://www.lja.mx/?p=319598, ONU llama a mitigar el impacto de la pandemia en la nutrición escolar, 2020-03-18T00:00:58,,                          lja.mx-?p=319598, wordpress
37,escuelas coronavirus, https://www.lja.mx/?p=319483, Así se vive con el coronavirus en 8 países , 2020-03-17T00:02:05,,                          lja.mx-?p=319483, wordpress
38,escuelas coronavirus, https://www.lja.mx/?p=319453, Tres actividades para tolerar la eventual cuarentena por el coronavirus / La escuela de los opiliones , 2020-03-17T00:01:40,,                          lja.mx-?p=319453, wordpress
39,escuelas coronavirus, https://www.lja.mx/?p=319419, Anuncia IEA medidas para prevenir el Coronavirus, 2020-03-17T00:00:08,,                          lja.mx-?p=319419, wordpress
40,escuelas coronavirus, https://www.lja.mx/?p=319497, Aguascalientes se prepara ante la llegada del Covid-19, 2020-03-17T00:00:00,,1, wordpress
41,escuelas coronavirus, https://www.lja.mx/?p=319398, No se cancela se pospone la Feria Nacional de San Marcos en Aguascalientes, 2020-03-15T10:00:58,,1, wordpress
42,escuelas coronavirus, https://www.lja.mx/?p=319370, Orozco Sandoval Gobernador de Aguascalientes anunció medidas de prevención contra coronavirus, 2020-03-14T00:00:36,,1, wordpress
43,escuelas coronavirus, https://www.lja.mx/?p=318830, La Purísima… Grilla:  Lunes negro, 2020-03-10T00:06:58,,                          lja.mx-?p=318830, wordpress
44,escuelas coronavirus, https://www.lja.mx/?p=318686, Sí se valora la cancelación de la FNSM en Aguascalientes, 2020-03-09T00:02:06,,1, wordpress
45,escuelas coronavirus, https://www.lja.mx/?p=318024, Padres de familia deben de agudizar prevención a coronavirus en los niños, 2020-03-03T00:02:05,,                          lja.mx-?p=318024, wordpress
46,escuelas coronavirus, https://www.lja.mx/?p=317826, Las marrullerías del “cambio verdadero” de la 4T/ Bravuconadas, 2020-03-02T00:01:51,,                          lja.mx-?p=317826, wordpress
47,escuelas coronavirus, https://www.lja.mx/?p=317764, Se implementan en Aguascalientes medidas preventivas por coronavirus, 2020-02-29T00:02:27,,1, wordpress
48,escuelas coronavirus, https://www.lja.mx/?p=313350, Conoce las preventivas contra el coronavirus en México, 2020-01-25T14:05:28,,                          lja.mx-?p=313350, wordpress
49,escuelas coronavirus, https://lajornadasanluis.com.mx/?p=470231, Pandemia del Covid-19 podría retrasar el desarrollo humano: ONU, 2020-05-20T15:04:57,,                          lajornadasanluis.com.mx-?p=470231, wordpress
50,escuelas coronavirus, https://lajornadasanluis.com.mx/?p=470146, Miles de estudiantes vuelven a la escuela en Corea del Sur, 2020-05-20T08:23:42,,                          lajornadasanluis.com.mx-?p=470146, wordpress
51,escuelas coronavirus, https://lajornadasanluis.com.mx/?p=469501, Prolonga India confinamiento hasta fines de mayo, 2020-05-17T10:51:37,,                          lajornadasanluis.com.mx-?p=469501, wordpress
52,escuelas coronavirus, https://lajornadasanluis.com.mx/?p=469097, Nada qué temer por regreso a clases: López Obrador, 2020-05-15T09:43:36,,                          lajornadasanluis.com.mx-?p=469097, wordpress
53,escuelas coronavirus, https://lajornadasanluis.com.mx/?p=469078, El gobierno ha cumplido compromisos con el magisterio: AMLO, 2020-05-15T09:12:42,,                          lajornadasanluis.com.mx-?p=469078, wordpress
54,escuelas coronavirus, https://lajornadasanluis.com.mx/?p=468857, Se acabó la incertidumbre; la reactivación es una buena señal, 2020-05-14T06:00:27,,                          lajornadasanluis.com.mx-?p=468857, wordpress
55,escuelas coronavirus, https://lajornadasanluis.com.mx/?p=468156, Gran Bretaña anuncia leve relajamiento de restricciones, 2020-05-10T15:43:18,,                          lajornadasanluis.com.mx-?p=468156, wordpress
56,escuelas coronavirus, https://lajornadasanluis.com.mx/?p=468071, Francia y España viven últimas horas del confinamiento por pandemia, 2020-05-10T09:50:04,,                          lajornadasanluis.com.mx-?p=468071, wordpress
57,escuelas coronavirus, https://lajornadasanluis.com.mx/?p=467966, Con dudas y miedo países europeos inician desconfinamiento, 2020-05-09T11:48:51,,                          lajornadasanluis.com.mx-?p=467966, wordpress
58,escuelas coronavirus, https://lajornadasanluis.com.mx/?p=467773, China reabre cines museos y otros lugares de ocio, 2020-05-08T09:52:04,,                          lajornadasanluis.com.mx-?p=467773, wordpress
59,escuelas coronavirus, https://lajornadasanluis.com.mx/?p=467542, Predicción: que el 8 de mayo sea el peor día de contagios del Covid-19, 2020-05-07T03:00:30,,                          lajornadasanluis.com.mx-?p=467542, wordpress
60,escuelas coronavirus, https://lajornadasanluis.com.mx/?p=467296, Brasil: Maranhao primera ciudad en cuarentena por Covid-19, 2020-05-05T20:09:27,,                          lajornadasanluis.com.mx-?p=467296, wordpress
61,escuelas coronavirus, https://lajornadasanluis.com.mx/?p=466700, Frente al Covid-19 estamos dando “la lucha de nuestras vidas”: OMS, 2020-05-03T13:26:57,,                          lajornadasanluis.com.mx-?p=466700, wordpress
62,escuelas coronavirus, https://lajornadasanluis.com.mx/?p=466619, Tras superar al Covid-19 Boris Johnson dice que pondrá de pie a GB, 2020-05-03T09:30:04,,                          lajornadasanluis.com.mx-?p=466619, wordpress
63,escuelas coronavirus, https://lajornadasanluis.com.mx/?p=466390, Escuelas de NY permanecerán cerradas el resto del ciclo escolar, 2020-05-01T14:40:26,,                          lajornadasanluis.com.mx-?p=466390, wordpress
64,escuelas coronavirus, https://lajornadasanluis.com.mx/?p=466343, Varios países inician desconfinamiento pero ninguno abre fronteras, 2020-05-01T12:01:28,,                          lajornadasanluis.com.mx-?p=466343, wordpress
65,escuelas coronavirus, https://lajornadasanluis.com.mx/?p=466274, “Normalidad diferente” al final de Jornada de Sana Distancia: López-Gatell, 2020-04-30T20:59:31,,                          lajornadasanluis.com.mx-?p=466274, wordpress
66,escuelas coronavirus, https://lajornadasanluis.com.mx/?p=465349, Mirarnos a los ojos, 2020-04-27T11:30:55,,                          lajornadasanluis.com.mx-?p=465349, wordpress
67,escuelas coronavirus, https://lajornadasanluis.com.mx/?p=465314, Con cubrebocas y miedo alumnos vuelven a clases en China, 2020-04-27T08:04:14,,                          lajornadasanluis.com.mx-?p=465314, wordpress
68,escuelas coronavirus, https://lajornadasanluis.com.mx/?p=465204, Se prevé reinicio de actividades en estado de NY para el 15 de mayo, 2020-04-26T14:56:34,,                          lajornadasanluis.com.mx-?p=465204, wordpress
69,escuelas coronavirus, https://lajornadasanluis.com.mx/?p=464447, Covid-19 primer efecto del cambio climático: ambientalistas, 2020-04-22T18:15:40,,                          lajornadasanluis.com.mx-?p=464447, wordpress
70,escuelas coronavirus, https://lajornadasanluis.com.mx/?p=463866, Comercios de Dinamarca empiezan a reabrir, 2020-04-20T10:27:16,,                          lajornadasanluis.com.mx-?p=463866, wordpress
71,escuelas coronavirus, https://lajornadasanluis.com.mx/?p=463447, Trump anuncia programa de ayuda por 19 mil mdd para agricultores de EU, 2020-04-17T19:19:36,,                          lajornadasanluis.com.mx-?p=463447, wordpress
72,escuelas coronavirus, https://lajornadasanluis.com.mx/?p=463007, Como en la feria y con el Covid-19 cada quien habla de cómo le va en ella, 2020-04-16T03:00:37,,1, wordpress
73,escuelas coronavirus, https://lajornadasanluis.com.mx/?p=462638, Reabren algunas actividades en Austria Italia y España, 2020-04-14T13:26:20,,                          lajornadasanluis.com.mx-?p=462638, wordpress
74,escuelas coronavirus, https://lajornadasanluis.com.mx/?p=462625, Elaboran en UNAM plataforma de información geográfica sobre Covid-19, 2020-04-14T12:59:29,,                          lajornadasanluis.com.mx-?p=462625, wordpress
75,escuelas coronavirus, https://lajornadasanluis.com.mx/?p=462146, ¿Por qué Nueva York es tan golpeada por el coronavirus?, 2020-04-11T20:14:07,,                          lajornadasanluis.com.mx-?p=462146, wordpress
76,escuelas coronavirus, https://lajornadasanluis.com.mx/?p=462025, EU supera a Italia en decesos por coronavirus, 2020-04-11T12:10:54,,                          lajornadasanluis.com.mx-?p=462025, wordpress
77,escuelas coronavirus, https://lajornadasanluis.com.mx/?p=462007, Por Covid-19 escuelas de NY permanecerán cerradas todo el año escolar, 2020-04-11T11:02:10,,                          lajornadasanluis.com.mx-?p=462007, wordpress
78,escuelas coronavirus, https://lajornadasanluis.com.mx/?p=461519, Aún se respira miedo en Wuhan pese al fin del confinamiento, 2020-04-09T10:12:27,,                          lajornadasanluis.com.mx-?p=461519, wordpress
79,escuelas coronavirus, https://lajornadasanluis.com.mx/?p=460877, Nueva York amplía confinamiento hasta el 29 de abril, 2020-04-06T12:50:22,,                          lajornadasanluis.com.mx-?p=460877, wordpress
80,escuelas coronavirus, https://lajornadasanluis.com.mx/?p=460777, Acciones del gobierno se encaminan a restablecer la normalidad: AMLO, 2020-04-05T19:20:52,,1, wordpress
81,escuelas coronavirus, https://lajornadasanluis.com.mx/?p=460687, La Reina Isabel II pide a los británicos quedarse en casa, 2020-04-05T11:17:56,,                          lajornadasanluis.com.mx-?p=460687, wordpress
82,escuelas coronavirus, https://lajornadasanluis.com.mx/?p=451167, “Vamos a profundizar en el cambio no vamos dar marcha atrás”: AMLO, 2020-04-04T10:37:09,,                          lajornadasanluis.com.mx-?p=451167, wordpress
83,escuelas coronavirus, https://lajornadasanluis.com.mx/?p=451090, Reportan pérdida acelerada de empleos en EU por la crisis sanitaria, 2020-04-03T19:52:27,,                          lajornadasanluis.com.mx-?p=451090, wordpress
84,escuelas coronavirus, https://lajornadasanluis.com.mx/?p=422935, Sin registro de casos de Covid-19 en cinco países africanos, 2020-03-31T14:51:57,,                          lajornadasanluis.com.mx-?p=422935, wordpress
85,escuelas coronavirus, https://lajornadasanluis.com.mx/?p=422514, Suman 771 muertos en Holanda a causa del coronavirus, 2020-03-29T11:09:01,,                          lajornadasanluis.com.mx-?p=422514, wordpress
86,escuelas coronavirus, https://lajornadasanluis.com.mx/?p=421818, Más de un tercio de la humanidad confinada por la pandemia, 2020-03-25T10:12:16,,                          lajornadasanluis.com.mx-?p=421818, wordpress
87,escuelas coronavirus, https://lajornadasanluis.com.mx/?p=421806, Aumenta carga de trabajo para mujeres ante medidas sanitarias: ONU, 2020-03-25T09:55:41,,                          lajornadasanluis.com.mx-?p=421806, wordpress
88,escuelas coronavirus, https://lajornadasanluis.com.mx/?p=421649, Decreta India 21 días de cuarentena contra el coronavirus, 2020-03-24T14:07:43,,                          lajornadasanluis.com.mx-?p=421649, wordpress
89,escuelas coronavirus, https://lajornadasanluis.com.mx/?p=421492, Ordena Johnson confinar a los británicos en casa, 2020-03-23T16:49:02,,                          lajornadasanluis.com.mx-?p=421492, wordpress
90,escuelas coronavirus, https://lajornadasanluis.com.mx/?p=421394, Sin escuela 95% de los niños de AL y el Caribe por el coronavirus, 2020-03-23T09:08:26,,                          lajornadasanluis.com.mx-?p=421394, wordpress
91,escuelas coronavirus, https://lajornadasanluis.com.mx/?p=421305, Despeja el coronavirus las calles de la Ciudad de México, 2020-03-22T13:12:17,,                          lajornadasanluis.com.mx-?p=421305, wordpress
92,escuelas coronavirus, https://lajornadasanluis.com.mx/?p=421211, El geriátrico Dr. Nicolás Aguilar da a conocer medidas contra Covid-19, 2020-03-21T15:52:26,,                          lajornadasanluis.com.mx-?p=421211, wordpress
93,escuelas coronavirus, https://lajornadasanluis.com.mx/?p=421205, Por crisis sanitaria aplazan elecciones presidenciales en Bolivia, 2020-03-21T15:24:20,,                          lajornadasanluis.com.mx-?p=421205, wordpress
94,escuelas coronavirus, https://lajornadasanluis.com.mx/?p=421121, En aislamiento preventivo casi 900 mil alumnos: SEGE, 2020-03-20T19:47:03,,                          lajornadasanluis.com.mx-?p=421121, wordpress
95,escuelas coronavirus, https://lajornadasanluis.com.mx/?p=421056, “No se escatimarán recursos para proteger a la población en SLP”: alcalde, 2020-03-20T16:18:56,,                          lajornadasanluis.com.mx-?p=421056, wordpress
96,escuelas coronavirus, https://lajornadasanluis.com.mx/?p=420993, Confirman primer caso de coronavirus en Zacatecas, 2020-03-20T11:52:29,,                          lajornadasanluis.com.mx-?p=420993, wordpress
97,escuelas coronavirus, https://lajornadasanluis.com.mx/?p=420747, Brasil y Colombia endurecen sus fronteras por el Covid-19, 2020-03-19T11:48:35,,                          lajornadasanluis.com.mx-?p=420747, wordpress
98,escuelas coronavirus, https://lajornadasanluis.com.mx/?p=420735, El coronavirus ya está en 150 países, 2020-03-19T11:19:33,,                          lajornadasanluis.com.mx-?p=420735, wordpress
99,escuelas coronavirus, https://lajornadasanluis.com.mx/?p=420700, Gran Bretaña cierra estaciones de Metro y alista a su Ejército, 2020-03-19T09:59:09,,                          lajornadasanluis.com.mx-?p=420700, wordpress
100,escuelas coronavirus, https://lajornadasanluis.com.mx/?p=420662, Secult reagendará actividades en atención a medidas preventivas por Covid-19, 2020-03-18T22:47:47,,                          lajornadasanluis.com.mx-?p=420662, wordpress
101,escuelas coronavirus, https://lajornadasanluis.com.mx/?p=420603, Se aplican en planteles medidas de prevención: SEGE, 2020-03-18T17:28:40,,                          lajornadasanluis.com.mx-?p=420603, wordpress
102,escuelas coronavirus, https://lajornadasanluis.com.mx/?p=420584, Europa ya supera en número de muertos a Asia por Covid-19, 2020-03-18T16:35:24,,                          lajornadasanluis.com.mx-?p=420584, wordpress
103,escuelas coronavirus, https://lajornadasanluis.com.mx/?p=420544, Cierra Israel las fronteras a todos los extranjeros para combatir al Covid-19, 2020-03-18T13:16:16,,                          lajornadasanluis.com.mx-?p=420544, wordpress
104,escuelas coronavirus, https://lajornadasanluis.com.mx/?p=420468, Cierra Turquía fronteras con Grecia y Bulgaria, 2020-03-18T10:18:51,,                          lajornadasanluis.com.mx-?p=420468, wordpress
105,escuelas coronavirus, https://lajornadasanluis.com.mx/?p=420303, Confirman tres nuevos casos de Covid-19 en Edomex, 2020-03-17T14:36:45,,                          lajornadasanluis.com.mx-?p=420303, wordpress
106,escuelas coronavirus, https://lajornadasanluis.com.mx/?p=420152, Cierran comercios escuelas teatros y cines en grandes ciudades de EU, 2020-03-16T12:33:54,,                          lajornadasanluis.com.mx-?p=420152, wordpress
107,escuelas coronavirus, https://lajornadasanluis.com.mx/?p=420140, Nuevo León reporta siete nuevos casos de Covid-19, 2020-03-16T12:05:00,,                          lajornadasanluis.com.mx-?p=420140, wordpress
108,escuelas coronavirus, https://lajornadasanluis.com.mx/?p=420106, Acciones de periodistas contra la otra epidemia, 2020-03-16T06:30:38,,                          lajornadasanluis.com.mx-?p=420106, wordpress
109,escuelas coronavirus, https://lajornadasanluis.com.mx/?p=420097, Filipinas extrema medidas para contener coronavirus, 2020-03-15T18:07:45,,                          lajornadasanluis.com.mx-?p=420097, wordpress
110,escuelas coronavirus, https://lajornadasanluis.com.mx/?p=420089, Se elevan a 35 los casos confirmados de coronavirus en Costa Rica, 2020-03-15T17:20:54,,                          lajornadasanluis.com.mx-?p=420089, wordpress
111,escuelas coronavirus, https://lajornadasanluis.com.mx/ultimas-publicaciones/maduro-pone-en-cuarentena-caracas-y-otros-6-estados-por-el-coronavirus-2/, Maduro pone en cuarentena Caracas y otros 6 estados por el coronavirus, 2020-03-15T16:36:49,,                          lajornadasanluis.com.mx-ultimas-publicaciones-maduro-pone-en-cuarentena-caracas-y-otros-6-estados-por-el-coronavirus-2-, wordpress
112,escuelas coronavirus, https://lajornadasanluis.com.mx/?p=420079, Maduro pone en cuarentena Caracas y otros 6 estados por el coronavirus, 2020-03-15T16:36:49,,                          lajornadasanluis.com.mx-?p=420079, wordpress
113,escuelas coronavirus, https://lajornadasanluis.com.mx/?p=420067, Chile suspende clases y cierra sus puertos a cruceros, 2020-03-15T15:37:22,,                          lajornadasanluis.com.mx-?p=420067, wordpress
114,escuelas coronavirus, https://lajornadasanluis.com.mx/?p=420050, Por Covid-19 se amplía receso de Semana Santa: SEGE, 2020-03-15T14:30:12,,1, wordpress
115,escuelas coronavirus, https://lajornadasanluis.com.mx/?p=420023, Suspende Perú llegada de cruceros a sus puertos por el Covid-19, 2020-03-15T11:28:38,,                          lajornadasanluis.com.mx-?p=420023, wordpress
116,escuelas coronavirus, https://lajornadasanluis.com.mx/?p=419989, España: 100 muertos y más de 2 mil infectados con Covid-19 en 24 horas, 2020-03-15T08:30:19,,                          lajornadasanluis.com.mx-?p=419989, wordpress
117,escuelas coronavirus, https://lajornadasanluis.com.mx/?p=419947, Votaciones primarias en Georgia se aplazan por Covid-19, 2020-03-14T19:35:37,,                          lajornadasanluis.com.mx-?p=419947, wordpress
118,escuelas coronavirus, https://lajornadasanluis.com.mx/?p=419694, Confirma Venezuela sus dos primeros casos de Covid-19; suspende clases, 2020-03-13T10:07:03,,                          lajornadasanluis.com.mx-?p=419694, wordpress
119,escuelas coronavirus, https://lajornadasanluis.com.mx/?p=419677, Se enclaustra Europa para contener al brote de coronavirus, 2020-03-13T09:21:52,,                          lajornadasanluis.com.mx-?p=419677, wordpress
120,escuelas coronavirus, https://lajornadasanluis.com.mx/?p=419669, Por ahora no es conveniente cerrar escuelas y comercios: López-Gatell, 2020-03-13T09:11:39,,1, wordpress
121,escuelas coronavirus, https://lajornadasanluis.com.mx/?p=419666, Decretan España y Portugal estado de alarma por el Covid-19, 2020-03-13T09:09:39,,                          lajornadasanluis.com.mx-?p=419666, wordpress
122,escuelas coronavirus, https://lajornadasanluis.com.mx/?p=419653, Pide AMLO no dejarse llevar por rumores sobre coronavirus, 2020-03-13T08:42:57,,                          lajornadasanluis.com.mx-?p=419653, wordpress
123,escuelas coronavirus, https://lajornadasanluis.com.mx/?p=419611, Sube a 15 la cifra de casos confirmados de Covid-19 en México: Ssa, 2020-03-12T19:55:58,,                          lajornadasanluis.com.mx-?p=419611, wordpress
124,escuelas coronavirus, https://lajornadasanluis.com.mx/?p=419571, Cierran capital de Filipinas a causa del Covid-19, 2020-03-12T17:41:09,,                          lajornadasanluis.com.mx-?p=419571, wordpress
125,escuelas coronavirus, https://lajornadasanluis.com.mx/?p=419516, Por Covid-19 Perú cancela espectáculos con más de 300 personas, 2020-03-12T14:48:46,,                          lajornadasanluis.com.mx-?p=419516, wordpress
126,escuelas coronavirus, https://lajornadasanluis.com.mx/?p=419509, Cierra Francia todas sus escuelas por coronavirus, 2020-03-12T14:35:53,,                          lajornadasanluis.com.mx-?p=419509, wordpress
127,escuelas coronavirus, https://lajornadasanluis.com.mx/?p=419376, En 15 días posible expansión comunitaria de Covid-19 en México: Ssa, 2020-03-12T08:44:55,,                          lajornadasanluis.com.mx-?p=419376, wordpress
128,escuelas coronavirus, https://lajornadasanluis.com.mx/?p=419347, Cuba: confirman a 3 turistas italianos con coronavirus, 2020-03-11T21:56:25,,                          lajornadasanluis.com.mx-?p=419347, wordpress
129,escuelas coronavirus, https://lajornadasanluis.com.mx/?p=419178, En 15 países vacaciones forzadas a 363 millones de alumnos por Covid-19, 2020-03-11T09:11:47,,                          lajornadasanluis.com.mx-?p=419178, wordpress
130,escuelas coronavirus, https://lajornadasanluis.com.mx/?p=419069, Por Covid-19 universidades de EU cierran y dan cursos en línea, 2020-03-10T14:54:40,,                          lajornadasanluis.com.mx-?p=419069, wordpress
131,escuelas coronavirus, https://lajornadasanluis.com.mx/?p=419050, Despliega Nueva York a la Guardia Nacional para contener al Covid-19, 2020-03-10T13:09:18,,                          lajornadasanluis.com.mx-?p=419050, wordpress
132,escuelas coronavirus, https://lajornadasanluis.com.mx/?p=419014, Grecia cierra escuelas y universidades ante el coronavirus, 2020-03-10T11:49:08,,                          lajornadasanluis.com.mx-?p=419014, wordpress
133,escuelas coronavirus, https://lajornadasanluis.com.mx/?p=418854, Coronavirus avanza paraliza ciudades y azota mercados en &#8216;lunes negro&#8217;, 2020-03-09T15:13:12,,                          lajornadasanluis.com.mx-?p=418854, wordpress
134,escuelas coronavirus, https://lajornadasanluis.com.mx/?p=418088, Muere segunda víctima de coronavirus en España, 2020-03-04T13:48:03,,                          lajornadasanluis.com.mx-?p=418088, wordpress
135,escuelas coronavirus, https://lajornadasanluis.com.mx/?p=418037, Cierra Italia todas las escuelas y universidades por coronavirus, 2020-03-04T08:38:44,,                          lajornadasanluis.com.mx-?p=418037, wordpress
136,escuelas coronavirus, https://lajornadasanluis.com.mx/?p=417748, “Inevitable” la propagación del coronavirus en NY: Cuomo, 2020-03-02T12:11:21,,                          lajornadasanluis.com.mx-?p=417748, wordpress
137,escuelas coronavirus, https://lajornadasanluis.com.mx/?p=417551, Convoca gobierno de SLP a atender medidas preventivas contra el coronavirus, 2020-02-29T14:20:31,,                          lajornadasanluis.com.mx-?p=417551, wordpress
138,escuelas coronavirus, https://lajornadasanluis.com.mx/?p=417409, Advierte OMS de «riesgo muy alto» por coronavirus, 2020-02-28T15:05:09,,                          lajornadasanluis.com.mx-?p=417409, wordpress
139,escuelas coronavirus, https://lajornadasanluis.com.mx/?p=417327, Dos casos de Covid19 en México; uno confirmado otro en estudio, 2020-02-28T08:19:16,,                          lajornadasanluis.com.mx-?p=417327, wordpress
140,escuelas coronavirus, https://lajornadasanluis.com.mx/?p=417112, Suspende Arabia Saudita entrada a la Meca por temor al coronavirus, 2020-02-27T09:33:25,,                          lajornadasanluis.com.mx-?p=417112, wordpress
141,escuelas coronavirus, https://lajornadasanluis.com.mx/?p=417060, EU está “muy preparado” para coronavirus señala Trump, 2020-02-26T20:41:52,,                          lajornadasanluis.com.mx-?p=417060, wordpress
142,escuelas coronavirus, https://lajornadasanluis.com.mx/?p=416926, Italia busca apoyo internacional por coronavirus; van 12 muertos, 2020-02-26T11:55:53,,                          lajornadasanluis.com.mx-?p=416926, wordpress
143,escuelas coronavirus, https://lajornadasanluis.com.mx/?p=416904, Evalúan en Japón recortar relevo de antorcha olímpica por coronavirus, 2020-02-26T10:30:38,,                          lajornadasanluis.com.mx-?p=416904, wordpress
144,escuelas coronavirus, https://lajornadasanluis.com.mx/?p=416442, Desata coronavirus alerta máxima en Corea del Sur Italia e Irán, 2020-02-23T15:23:44,,                          lajornadasanluis.com.mx-?p=416442, wordpress
145,escuelas coronavirus, https://lajornadasanluis.com.mx/?p=416360, Ocho muertos por coronavirus en Irán; países vecinos cierran fronteras, 2020-02-23T10:28:39,,                          lajornadasanluis.com.mx-?p=416360, wordpress
146,escuelas coronavirus, https://lajornadasanluis.com.mx/?p=416281, EU acusa a Rusia por difundir desinformación sobre el coronavirus, 2020-02-22T11:30:33,,                          lajornadasanluis.com.mx-?p=416281, wordpress
147,escuelas coronavirus, https://lajornadasanluis.com.mx/?p=416165, Sin «vínculo epidemiológico claro» de coronavirus fuera de China: OMS, 2020-02-21T15:02:56,,                          lajornadasanluis.com.mx-?p=416165, wordpress
148,escuelas coronavirus, https://lajornadasanluis.com.mx/?p=411899, Suman 54 muertos y 1610 infectados por coronavirus en China, 2020-01-25T20:17:12,,                          lajornadasanluis.com.mx-?p=411899, wordpress
149,escuelas coronavirus, http://ljz.mx/?p=293974, Anuncia Gobierno federal plan para ingresar a la nueva normalidad; será a partir del 18 de mayo, 2020-05-13T09:47:28,,                          ljz.mx-?p=293974, wordpress
150,escuelas coronavirus, http://ljz.mx/?p=292752, Zacatecas de los estados que no han dado información sobre ocupación hospitalaria, 2020-04-27T02:32:50,,                          ljz.mx-?p=292752, wordpress
151,escuelas coronavirus, http://ljz.mx/?p=292493, Comercio en pequeño sufre horrorosamente por la contingencia sanitaria: Canacope, 2020-04-23T04:34:25,,                          ljz.mx-?p=292493, wordpress
152,escuelas coronavirus, http://ljz.mx/?p=292122, El distanciamiento social el éxito de California ante el Covid-19, 2020-04-18T00:41:41,,1, wordpress
153,escuelas coronavirus, http://ljz.mx/?p=291470, Disminuye la afluencia vehicular debido a la contingencia: DPSV, 2020-04-11T01:03:20,,1, wordpress
154,escuelas coronavirus, http://ljz.mx/?p=291326, Estudiantes de medicina piden que no haya represalias por retirarse de clínicas, 2020-04-09T13:57:18,,                          ljz.mx-?p=291326, wordpress
155,escuelas coronavirus, http://ljz.mx/?p=291261, Propuesta de Acuerdo Nacional por la Resiliencia de México, 2020-04-09T01:51:23,,                          ljz.mx-?p=291261, wordpress
156,escuelas coronavirus, http://ljz.mx/?p=291133, Aprueba cabildo de Zacatecas la celebración de sesiones virtuales, 2020-04-08T03:02:34,,1, wordpress
157,escuelas coronavirus, http://ljz.mx/?p=290329, Solicita alcalde capitalino a la CFE reestructurar el esquema tarifario, 2020-03-31T01:08:27,,                          ljz.mx-?p=290329, wordpress
158,escuelas coronavirus, http://ljz.mx/?p=290187, Alcalde de la capital gestiona alternativas en pago del agua ante emergencia sanitaria, 2020-03-28T01:38:25,,1, wordpress
159,escuelas coronavirus, http://ljz.mx/?p=290055, Diputados locales acuerdan suspender los trabajos legislativos hasta el 20 de abril, 2020-03-26T02:02:40,,                          ljz.mx-?p=290055, wordpress
160,escuelas coronavirus, http://ljz.mx/?p=289837, Municipio de Zacatecas anuncia incentivos para fortalecer la economía ante emergencia sanitaria, 2020-03-24T05:16:50,,1, wordpress
161,escuelas coronavirus, http://ljz.mx/?p=289816, Zacatecanos padecen en Europa y EU los efectos de la emergencia sanitaria por el Covid-19, 2020-03-24T04:53:08,,                          ljz.mx-?p=289816, wordpress
162,escuelas coronavirus, http://ljz.mx/?p=289778, Sugerencias para ver en internet durante esta contingencia, 2020-03-23T16:55:40,,                          ljz.mx-?p=289778, wordpress
163,escuelas coronavirus, http://ljz.mx/?p=289760, Postergar los JO de Tokio quizá es “inevitable”: Shinzo Abe, 2020-03-23T13:53:59,,                          ljz.mx-?p=289760, wordpress
164,escuelas coronavirus, http://ljz.mx/?p=289426, El Día Mundial del Agua y el Coronavirus, 2020-03-19T01:17:38,,                          ljz.mx-?p=289426, wordpress
165,escuelas coronavirus, http://ljz.mx/?p=289340, “No son vacaciones se trata de aislamiento preventivo para evitar contagios de Coronavirus”: Godezac, 2020-03-18T03:48:35,,                          ljz.mx-?p=289340, wordpress
166,escuelas coronavirus, http://ljz.mx/?p=289306, Ya van 2 millones de personas muertas por HAMBRE, 2020-03-18T03:17:04,,                          ljz.mx-?p=289306, wordpress
167,escuelas coronavirus, http://ljz.mx/?p=289305, El caos nuestro, 2020-03-18T03:16:22,,                          ljz.mx-?p=289305, wordpress
168,escuelas coronavirus, http://ljz.mx/?p=289240, Se acelera el contagio del coronavirus. Exijámonos disciplina y derrotemos al miedo, 2020-03-17T00:46:35,,                          ljz.mx-?p=289240, wordpress
169,escuelas coronavirus, http://ljz.mx/?p=289238, ¿Están a la altura?, 2020-03-17T00:43:15,,                          ljz.mx-?p=289238, wordpress
170,escuelas coronavirus, http://ljz.mx/?p=289212, Se acelera el contagio del coronavirus. Exijámonos disciplina y derrotemos al miedo., 2020-03-16T14:03:05,,                          ljz.mx-?p=289212, wordpress
171,escuelas coronavirus, http://ljz.mx/?p=289190, Más de 105 millones en Europa están en cuarentena, 2020-03-16T12:20:23,,                          ljz.mx-?p=289190, wordpress
172,escuelas coronavirus, http://ljz.mx/?p=289060, Aumentará Gobierno del Estado filtros de seguridad sanitaria, 2020-03-13T02:20:45,,1, wordpress
173,escuelas coronavirus, http://ljz.mx/?p=288903, En 15 días posible expansión comunitaria de Covid-19 en México: Ssa, 2020-03-12T10:29:15,,                          ljz.mx-?p=288903, wordpress
174,escuelas coronavirus, http://ljz.mx/?p=287944, Hasta el momento hay 5 casos confirmados de Covid-19 en México, 2020-03-02T01:56:37,,                          ljz.mx-?p=287944, wordpress
175,escuelas coronavirus, http://ljz.mx/?p=287784, Dos casos de Covid19 en México; uno confirmado otro en estudio, 2020-02-28T11:54:07,,                          ljz.mx-?p=287784, wordpress
176,escuelas coronavirus, http://ljz.mx/?p=287314, China: el Covid-19 la peor emergencia en salud desde 1949, 2020-02-24T11:50:07,,                          ljz.mx-?p=287314, wordpress
177,escuelas coronavirus, http://laopiniondebahia.com/?p=8606, Trabajar “clases en línea” puso al descubierto la gran desigualdad social, 2020-04-17T21:52:22,,                          laopiniondebahia.com-?p=8606, wordpress
178,escuelas coronavirus, http://laopiniondebahia.com/?p=8232, La ONU libera US $ 15 millones para ayudar a los países vulnerables a combatir la propagación del coronavirus, 2020-03-01T23:33:23,,                          laopiniondebahia.com-?p=8232, wordpress