,parameter,newspaper,title,date,search_,type_newspaper
0,actividades no esenciales coronavirus, https://azdiario.mx/?p=96197, BC: Suman 519 muertos por Covid-19; 432 eran empleados de maquilas, 2020-05-16T20:15:29,                          azdiario.mx-?p=96197, wordpress
1,actividades no esenciales coronavirus, https://azdiario.mx/?p=95916, AMLO PRESENTÓ EL PLAN DE REGRESO A LA NUEVA NORMALIDAD EN MÉXICO, 2020-05-13T15:22:36,                          azdiario.mx-?p=95916, wordpress
2,actividades no esenciales coronavirus, https://azdiario.mx/?p=95823, Cuitláhuac García se reúne con Segob para tratar la  reactivación social y económica, 2020-05-13T00:15:20,                          azdiario.mx-?p=95823, wordpress
3,actividades no esenciales coronavirus, https://azdiario.mx/?p=95811, Jalisco: Regreso a clases presenciales en agosto, 2020-05-12T17:48:11,                          azdiario.mx-?p=95811, wordpress
4,actividades no esenciales coronavirus, https://azdiario.mx/?p=95517, Sonora: Largas filas para comprar cerveza, 2020-05-07T03:00:49,                          azdiario.mx-?p=95517, wordpress
5,actividades no esenciales coronavirus, https://azdiario.mx/?p=95444, LÓPEZ-GATELL: &#8216;SEGUNDA OLEADA DE COVID-19 LLEGARÍA EN OCTUBRE&#8217;, 2020-05-06T16:21:33,                          azdiario.mx-?p=95444, wordpress
6,actividades no esenciales coronavirus, https://azdiario.mx/?p=95054, BC: Obreros de maquiladoras denuncian simulación en cierre, 2020-04-30T17:58:36,                          azdiario.mx-?p=95054, wordpress
7,actividades no esenciales coronavirus, https://azdiario.mx/?p=94788, Nueva Zelanda gana batalla contra el Covid-19, 2020-04-28T16:29:15,                          azdiario.mx-?p=94788, wordpress
8,actividades no esenciales coronavirus, https://azdiario.mx/?p=94625, Baja California: Aún están operando 68% de empresas, 2020-04-24T17:22:28,                          azdiario.mx-?p=94625, wordpress
9,actividades no esenciales coronavirus, https://azdiario.mx/?p=94373, A partir demañana Hoy No Circula obligatorio en Edomex, 2020-04-22T15:38:38,                          azdiario.mx-?p=94373, wordpress
10,actividades no esenciales coronavirus, https://azdiario.mx/?p=94192, AMPLIAN PERIODO DE VERIFICACIÓN VEHICULAR EN CDMX POR CORONAVIRUS, 2020-04-21T14:39:28,                          azdiario.mx-?p=94192, wordpress
11,actividades no esenciales coronavirus, https://azdiario.mx/?p=93969, DISTANCIAMIENTO SOCIAL HASTA EL 30 DE MAYO POR CORONAVIRUS, 2020-04-16T17:12:22,                          azdiario.mx-?p=93969, wordpress
12,actividades no esenciales coronavirus, https://azdiario.mx/?p=93846, 5 MIL 14 INFECTADOS DE CORONAVIRUS; 332 MUERTES, 2020-04-14T02:27:47,                          azdiario.mx-?p=93846, wordpress
13,actividades no esenciales coronavirus, https://azdiario.mx/?p=93807, 4 MIL 661 INFECTADOS DE CORONAVIRUS; 296 MUERTES, 2020-04-13T16:49:29,                          azdiario.mx-?p=93807, wordpress
14,actividades no esenciales coronavirus, https://azdiario.mx/?p=93788, 3 MIL 441 INFECTADOS DE CORONAVIRUS; MUERTES SUBEN A 194, 2020-04-10T15:57:10,                          azdiario.mx-?p=93788, wordpress
15,actividades no esenciales coronavirus, https://azdiario.mx/?p=93741, 3 MIL 181 INFECTADOS POR CORONAVIRUS; MUERTOS SUBEN A 174, 2020-04-09T17:25:36,                          azdiario.mx-?p=93741, wordpress
16,actividades no esenciales coronavirus, https://azdiario.mx/?p=93723, LEÓN REGRESARÁ A LOS ENTRENAMIENTOS LA PRÓXIMA SEMANA: ÁNGEL MENA, 2020-04-09T16:52:52,                          azdiario.mx-?p=93723, wordpress
17,actividades no esenciales coronavirus, https://azdiario.mx/?p=93553, Cemex detiene su producción en México por coronavirus, 2020-04-07T04:02:33,                          azdiario.mx-?p=93553, wordpress
18,actividades no esenciales coronavirus, https://azdiario.mx/?p=93464, 1510 INFECTADOS Y 50 MUERTOS, 2020-04-03T17:48:34,                          azdiario.mx-?p=93464, wordpress
19,actividades no esenciales coronavirus, https://azdiario.mx/?p=93415, ELECCIONES DE COAHUILA E HIDALGO SUSPENDIDAS POR CORONAVIRUS, 2020-04-02T16:17:59,                          azdiario.mx-?p=93415, wordpress
20,actividades no esenciales coronavirus, https://amqueretaro.com/?p=788681, Estos son los municipios que reanudaron sus actividades, 2020-05-18T17:47:51,                          amqueretaro.com-?p=788681, wordpress
21,actividades no esenciales coronavirus, https://amqueretaro.com/?p=788453, Querétaro acumula 50 muertes por coronavirus hoy se sumaron seis, 2020-05-18T00:18:21,                          amqueretaro.com-?p=788453, wordpress
22,actividades no esenciales coronavirus, https://amqueretaro.com/?p=788425, México supera las 5 mil cien muertes por coronavirus, 2020-05-17T21:23:17,                          amqueretaro.com-?p=788425, wordpress
23,actividades no esenciales coronavirus, https://amqueretaro.com/?p=787716, Intensifican bloqueo de calles para aminorar la movilización, 2020-05-17T04:55:38,                          amqueretaro.com-?p=787716, wordpress
24,actividades no esenciales coronavirus, https://amqueretaro.com/?p=788351, ¡Quédate en casa! Se suman 45 casos de COVID-19 en Querétaro, 2020-05-17T00:18:03,                          amqueretaro.com-?p=788351, wordpress
25,actividades no esenciales coronavirus, https://amqueretaro.com/?p=788325, Hugo López Gatell reitera la importancia de no abrir bares ni restaurantes, 2020-05-16T21:09:14,                          amqueretaro.com-?p=788325, wordpress
26,actividades no esenciales coronavirus, https://amqueretaro.com/?p=788258, ¿Qué acordaron &#8216;Pancho&#8217; y sectores para reapertura económica?, 2020-05-16T01:26:58,                          amqueretaro.com-?p=788258, wordpress
27,actividades no esenciales coronavirus, https://amqueretaro.com/?p=788218, México supera a China en decesos por coronavirus, 2020-05-15T19:34:46,                          amqueretaro.com-?p=788218, wordpress
28,actividades no esenciales coronavirus, https://amqueretaro.com/?p=788203, Así son los planes de la UNAM y CDMX contra la Covid-19, 2020-05-15T18:26:45,                          amqueretaro.com-?p=788203, wordpress
29,actividades no esenciales coronavirus, https://amqueretaro.com/?p=787717, Gobierno federal propone a población una ‘nueva normalidad’, 2020-05-14T05:00:15,                          amqueretaro.com-?p=787717, wordpress
30,actividades no esenciales coronavirus, https://amqueretaro.com/?p=787411, Así funciona el semáforo de reinicio de actividades, 2020-05-13T10:07:56,                          amqueretaro.com-?p=787411, wordpress
31,actividades no esenciales coronavirus, https://amqueretaro.com/?p=787262, Esto propone diputado de Morena para apoyar a locatarios queretanos, 2020-05-12T21:37:06,                          amqueretaro.com-?p=787262, wordpress
32,actividades no esenciales coronavirus, https://amqueretaro.com/?p=787247, Con este método se definirá reinicio de actividades en desconfinamiento, 2020-05-12T20:20:04,                          amqueretaro.com-?p=787247, wordpress
33,actividades no esenciales coronavirus, https://amqueretaro.com/?p=787225, Lanzan iniciativa ‘Mi Tienda Segura’ para ayudar a pequeños comercios, 2020-05-12T18:40:47,                          amqueretaro.com-?p=787225, wordpress
34,actividades no esenciales coronavirus, https://amqueretaro.com/?p=786876, Prevén impacto negativo en remesas; alistan iniciativas ante disminución, 2020-05-12T05:00:20,                          amqueretaro.com-?p=786876, wordpress
35,actividades no esenciales coronavirus, https://amqueretaro.com/?p=786897, Capital chilena tiene ocupado 85 por ciento del cuidado intensivo, 2020-05-12T05:00:14,                          amqueretaro.com-?p=786897, wordpress
36,actividades no esenciales coronavirus, https://amqueretaro.com/?p=786925, Identifican posibles casos de COVID-19 en filtros sanitarios, 2020-05-12T05:00:01,                          amqueretaro.com-?p=786925, wordpress
37,actividades no esenciales coronavirus, https://amqueretaro.com/?p=786890, Querétaro apoyará con más de 400 mil pesos a organizaciones civiles, 2020-05-11T21:52:32,                          amqueretaro.com-?p=786890, wordpress
38,actividades no esenciales coronavirus, https://amqueretaro.com/?p=786844, En plena Fase 3 Elektra finalmente cerrará sus tiendas, 2020-05-11T18:49:38,                          amqueretaro.com-?p=786844, wordpress
39,actividades no esenciales coronavirus, https://amqueretaro.com/?p=786815, En el primer día de &#8216;normalidad&#8217; en París hay largas filas en tiendas Zara, 2020-05-11T17:58:15,                          amqueretaro.com-?p=786815, wordpress
40,actividades no esenciales coronavirus, https://amqueretaro.com/?p=786600, Exhortan a frenar agresiones contra personal médico, 2020-05-10T21:06:13,                          amqueretaro.com-?p=786600, wordpress
41,actividades no esenciales coronavirus, https://amqueretaro.com/?p=786568, Brian May de Queen es hospitalizado tras accidente, 2020-05-10T17:35:36,                          amqueretaro.com-?p=786568, wordpress
42,actividades no esenciales coronavirus, https://amqueretaro.com/?p=786535, Protección Civil reforzó el operativo para procurar las medidas sanitarias, 2020-05-10T14:08:03,                          amqueretaro.com-?p=786535, wordpress
43,actividades no esenciales coronavirus, https://amqueretaro.com/?p=786073, En México escasea cerveza; en Francia desecharán 10 millones de litros, 2020-05-07T21:45:16,                          amqueretaro.com-?p=786073, wordpress
44,actividades no esenciales coronavirus, https://amqueretaro.com/?p=785995, Medidas en San Juan del Río contienen al COVID-19, 2020-05-07T14:41:20,                          amqueretaro.com-?p=785995, wordpress
45,actividades no esenciales coronavirus, https://amqueretaro.com/?p=785969, Reapertura de actividades se hará de forma gradual: AMLO, 2020-05-07T13:11:30,                          amqueretaro.com-?p=785969, wordpress
46,actividades no esenciales coronavirus, https://amqueretaro.com/?p=785729, Esto propone CDMX para el Día de las Madres durante la pandemia, 2020-05-06T18:15:01,                          amqueretaro.com-?p=785729, wordpress
47,actividades no esenciales coronavirus, https://amqueretaro.com/?p=785515, Solicitan a escuelas particulares flexibilidad con profesores y familias, 2020-05-05T20:21:05,                          amqueretaro.com-?p=785515, wordpress
48,actividades no esenciales coronavirus, https://amqueretaro.com/?p=785391, Para enfrentar la crisis es importante remarcar actividades esenciales y no esenciales, 2020-05-05T10:02:32,                          amqueretaro.com-?p=785391, wordpress
49,actividades no esenciales coronavirus, https://amqueretaro.com/?p=784892, Anuncia el gobernador medidas extraordinarias para mitigar efectos de COVID-19, 2020-05-02T14:39:12,                          amqueretaro.com-?p=784892, wordpress
50,actividades no esenciales coronavirus, https://amqueretaro.com/?p=784761, Luis Nava en la Sesión de Red Mexicana de Municipios por la Salud, 2020-05-01T18:17:19,                          amqueretaro.com-?p=784761, wordpress
51,actividades no esenciales coronavirus, https://amqueretaro.com/?p=783762, Aplicarán decomisos en tianguis por Fase 3; reforzarán prevención, 2020-04-28T04:00:43,                          amqueretaro.com-?p=783762, wordpress
52,actividades no esenciales coronavirus, https://amqueretaro.com/?p=783572, Exhiben a empresas que NO cumplen con medidas por Covid-19, 2020-04-27T08:48:47,                          amqueretaro.com-?p=783572, wordpress
53,actividades no esenciales coronavirus, https://amqueretaro.com/?p=783459, Reportan dos muertes más en Querétaro por coronavirus ya son 11 víctimas, 2020-04-26T21:37:56,                          amqueretaro.com-?p=783459, wordpress
54,actividades no esenciales coronavirus, https://amqueretaro.com/?p=783438, La cifra de muertos por coronavirus en México llega a los mil 351 casos, 2020-04-26T20:39:16,                          amqueretaro.com-?p=783438, wordpress
55,actividades no esenciales coronavirus, https://amqueretaro.com/?p=782807, Súmate a la lucha contra la Covid-19 en Querétaro a través de donaciones, 2020-04-24T02:00:35,                          amqueretaro.com-?p=782807, wordpress
56,actividades no esenciales coronavirus, https://amqueretaro.com/?p=782813, Industria de semillas garantizará abasto de insumo durante pandemia, 2020-04-23T18:41:54,                          amqueretaro.com-?p=782813, wordpress
57,actividades no esenciales coronavirus, https://amqueretaro.com/?p=782347, El coronavirus en Estados Unidos: el año que nos espera, 2020-04-22T05:00:53,                          amqueretaro.com-?p=782347, wordpress
58,actividades no esenciales coronavirus, https://amqueretaro.com/?p=782362, Querétaro suma 91 casos de coronavirus, 2020-04-22T00:15:38,                          amqueretaro.com-?p=782362, wordpress
59,actividades no esenciales coronavirus, https://amqueretaro.com/?p=782361, Querétaro reforzará medidas sanitarias ante fase 3 de coronavirus, 2020-04-22T00:10:21,                          amqueretaro.com-?p=782361, wordpress
60,actividades no esenciales coronavirus, https://amqueretaro.com/?p=782191, UAQ detecta 162 casos reactivos de COVID-19 en Querétaro, 2020-04-21T13:08:33,                          amqueretaro.com-?p=782191, wordpress
61,actividades no esenciales coronavirus, https://amqueretaro.com/?p=782049, Millones de mujeres sostienen la economía de Estados Unidos, 2020-04-21T06:00:39,                          amqueretaro.com-?p=782049, wordpress
62,actividades no esenciales coronavirus, https://amqueretaro.com/?p=781912, Michoacán decreta aislamiento obligatorio por coronavirus, 2020-04-20T11:23:06,                          amqueretaro.com-?p=781912, wordpress
63,actividades no esenciales coronavirus, https://amqueretaro.com/?p=781156, Urge declarar tratamiento de adicciones como actividad esencial, 2020-04-17T05:00:44,                          amqueretaro.com-?p=781156, wordpress
64,actividades no esenciales coronavirus, https://amqueretaro.com/?p=780703, Aplican tres municipios de NL toque de queda; analizan hacerlo estatal, 2020-04-15T10:42:17,                          amqueretaro.com-?p=780703, wordpress
65,actividades no esenciales coronavirus, https://amqueretaro.com/?p=780592, Pese a contingencia Carrillo Puerto registra mala calidad del aire, 2020-04-15T05:00:28,                          amqueretaro.com-?p=780592, wordpress
66,actividades no esenciales coronavirus, https://amqueretaro.com/?p=780134, Jugadores de la Real Sociedad retomarán entrenamiento, 2020-04-12T12:34:06,                          amqueretaro.com-?p=780134, wordpress
67,actividades no esenciales coronavirus, https://amqueretaro.com/?p=779664, CEI suspenderá obras por emergencia sanitaria, 2020-04-10T06:00:26,                          amqueretaro.com-?p=779664, wordpress
68,actividades no esenciales coronavirus, https://amqueretaro.com/?p=779460, &#8216;Termina&#8217; la primavera en Mercado de la Cruz con cierre de florería, 2020-04-09T05:00:20,                          amqueretaro.com-?p=779460, wordpress
69,actividades no esenciales coronavirus, https://amqueretaro.com/?p=778919, Se refuerzan acciones de prevención contra Covid-19: Protección Civil, 2020-04-06T15:28:58,                          amqueretaro.com-?p=778919, wordpress
70,actividades no esenciales coronavirus, https://amqueretaro.com/?p=778916, Establecimientos no esenciales deben cerrar desde hoy, 2020-04-06T15:15:54,                          amqueretaro.com-?p=778916, wordpress
71,actividades no esenciales coronavirus, https://amqueretaro.com/?p=778664, Más de 300 mil personas en riesgo por diabetes e hipertensión en la entidad, 2020-04-05T09:35:08,                          amqueretaro.com-?p=778664, wordpress
72,actividades no esenciales coronavirus, https://amqueretaro.com/?p=778648, Ante COVID-19 quedarse en casa es un lujo, 2020-04-05T07:54:06,                          amqueretaro.com-?p=778648, wordpress
73,actividades no esenciales coronavirus, https://amqueretaro.com/?p=778622, La recreación continúa en parques de Querétaro a pesar del COVID-19, 2020-04-04T20:55:16,                          amqueretaro.com-?p=778622, wordpress
74,actividades no esenciales coronavirus, https://amqueretaro.com/?p=778547, Industria de la manufactura principal fuente de empleos en Querétaro, 2020-04-04T10:57:00,                          amqueretaro.com-?p=778547, wordpress
75,actividades no esenciales coronavirus, https://amqueretaro.com/?p=778534, Cinco hábitos para adultos mayores ante el coronavirus, 2020-04-04T05:00:14,                          amqueretaro.com-?p=778534, wordpress
76,actividades no esenciales coronavirus, https://amqueretaro.com/?p=778178, Por el momento en Querétaro no se implementa Ley Seca, 2020-04-02T12:56:48,                          amqueretaro.com-?p=778178, wordpress
77,actividades no esenciales coronavirus, https://amqueretaro.com/?p=778117, Empresas cementeras suspenden actividades en el país, 2020-04-02T09:50:48,                          amqueretaro.com-?p=778117, wordpress
78,actividades no esenciales coronavirus, https://amqueretaro.com/?p=777688, Huyen del virus pero diseminan temor y furia, 2020-03-31T05:00:03,                          amqueretaro.com-?p=777688, wordpress
79,actividades no esenciales coronavirus, https://amqueretaro.com/?p=777708, Federación declara emergencia sanitaria, 2020-03-31T02:37:48,                          amqueretaro.com-?p=777708, wordpress
80,actividades no esenciales coronavirus, https://amqueretaro.com/?p=777668, La epidemia de coronavirus en México es declarada &#8216;emergencia sanitaria&#8217;, 2020-03-30T21:05:52,                          amqueretaro.com-?p=777668, wordpress
81,actividades no esenciales coronavirus, https://amqueretaro.com/?p=777645, Ascienden a mil 1215 casos de coronavirus en México 29 en Querétaro, 2020-03-30T19:39:59,                          amqueretaro.com-?p=777645, wordpress
82,actividades no esenciales coronavirus, https://amqueretaro.com/?p=777580, Actividad industrial en Querétaro con mayor impacto por coronavirus, 2020-03-30T12:58:37,                          amqueretaro.com-?p=777580, wordpress
83,actividades no esenciales coronavirus, https://amqueretaro.com/?p=777433, Andrés Manuel llama a seguir recomendaciones de autoridades sanitarias, 2020-03-29T18:42:14,                          amqueretaro.com-?p=777433, wordpress
84,actividades no esenciales coronavirus, https://amqueretaro.com/?p=777354, Se registra el primer deceso por coronavirus en Querétaro, 2020-03-29T01:12:52,                          amqueretaro.com-?p=777354, wordpress
85,actividades no esenciales coronavirus, https://amqueretaro.com/?p=777087, Suman medio millón de contagios por coronavirus en el mundo, 2020-03-27T09:18:17,                          amqueretaro.com-?p=777087, wordpress
86,actividades no esenciales coronavirus, https://amqueretaro.com/?p=777043, Coronavirus: economía de guerra y solidaridad: Abel Mejía, 2020-03-26T22:21:03,                          amqueretaro.com-?p=777043, wordpress
87,actividades no esenciales coronavirus, https://amqueretaro.com/?p=776983, Se estima mayor número de contagios de coronavirus a finales de abril, 2020-03-26T20:14:09,                          amqueretaro.com-?p=776983, wordpress
88,actividades no esenciales coronavirus, https://amqueretaro.com/?p=776963, Reportan 80 médicos contagiados de coronavirus en Chile, 2020-03-26T18:05:08,                          amqueretaro.com-?p=776963, wordpress
89,actividades no esenciales coronavirus, https://amqueretaro.com/?p=776950, Ya suman medio millón de contagios por coronavirus en el mundo, 2020-03-26T17:47:08,                          amqueretaro.com-?p=776950, wordpress
90,actividades no esenciales coronavirus, https://amqueretaro.com/?p=776895, Estos son los sitios cerrados y eventos cancelados por coronavirus en el estado, 2020-03-26T11:58:34,                          amqueretaro.com-?p=776895, wordpress
91,actividades no esenciales coronavirus, https://amqueretaro.com/?p=776867, Miguel Barbosa: los pobres son «inmunes» al virus, 2020-03-26T08:34:18,                          amqueretaro.com-?p=776867, wordpress
92,actividades no esenciales coronavirus, https://amqueretaro.com/?p=776807, Hugo López-Gatell informa que el gobierno federal suspende actividades, 2020-03-26T03:30:48,                          amqueretaro.com-?p=776807, wordpress
93,actividades no esenciales coronavirus, https://amqueretaro.com/?p=776179, 28 días cruciales para enfrentar la pandemia en México del Covid-19, 2020-03-22T09:27:02,                          amqueretaro.com-?p=776179, wordpress
94,actividades no esenciales coronavirus, https://amqueretaro.com/?p=776130, México crea a Susana Distancia superheroína contra COVID-19, 2020-03-21T19:52:38,                          amqueretaro.com-?p=776130, wordpress
95,actividades no esenciales coronavirus, https://amqueretaro.com/?p=776075, Entra en vigor cierre parcial de la frontera entre México y EU, 2020-03-21T11:45:57,                          amqueretaro.com-?p=776075, wordpress
96,actividades no esenciales coronavirus, https://amqueretaro.com/?p=775986, IMSS y Sindicato acuerdan medidas de protección por COVID-19, 2020-03-20T17:37:20,                          amqueretaro.com-?p=775986, wordpress
97,actividades no esenciales coronavirus, https://amqueretaro.com/?p=775971, California en cuarentena obligatoria emite orden de «quedarse en casa», 2020-03-20T13:07:50,                          amqueretaro.com-?p=775971, wordpress
98,actividades no esenciales coronavirus, https://amqueretaro.com/?p=775964, Estados Unidos y México limitan cruce de frontera, 2020-03-20T12:47:00,                          amqueretaro.com-?p=775964, wordpress
99,actividades no esenciales coronavirus, https://amqueretaro.com/?p=775955, Por coronavirus no se cerrará la frontera con EU: Marcelo Ebrard, 2020-03-20T11:06:05,                          amqueretaro.com-?p=775955, wordpress
100,actividades no esenciales coronavirus, https://amqueretaro.com/?p=775908, Operativo Manufacturas Vida digital y Corrupción, 2020-03-19T22:26:45,                          amqueretaro.com-?p=775908, wordpress
101,actividades no esenciales coronavirus, https://amqueretaro.com/?p=775894, Conoce la situación en otros países de Latinoamérica en torno al COVID-19, 2020-03-19T21:06:40,                          amqueretaro.com-?p=775894, wordpress
102,actividades no esenciales coronavirus, https://amqueretaro.com/?p=775748, Aislamiento y naturaleza: Raúl Lorea, 2020-03-18T22:35:05,                          amqueretaro.com-?p=775748, wordpress
103,actividades no esenciales coronavirus, https://amqueretaro.com/?p=775607, Alertan de riesgo por COVID-19 en centros penitenciarios, 2020-03-18T03:22:45,                          amqueretaro.com-?p=775607, wordpress
104,actividades no esenciales coronavirus, https://amqueretaro.com/?p=775585, La UNAM suspende actividades presenciales hasta nuevo aviso, 2020-03-17T21:17:37,                          amqueretaro.com-?p=775585, wordpress
105,actividades no esenciales coronavirus, https://amqueretaro.com/?p=775508, Guarderías del IMSS acatan normas de seguridad por COVID-19, 2020-03-17T13:03:54,                          amqueretaro.com-?p=775508, wordpress
106,actividades no esenciales coronavirus, https://amqueretaro.com/?p=775480, IPN suspende clases ante Covid-19, 2020-03-17T09:10:48,                          amqueretaro.com-?p=775480, wordpress
107,actividades no esenciales coronavirus, https://amqueretaro.com/?p=775468, ‘Llamamos a la calma’: La respuesta controlada de México frente al coronavirus, 2020-03-17T00:05:52,                          amqueretaro.com-?p=775468, wordpress
108,actividades no esenciales coronavirus, https://amqueretaro.com/?p=775256, Aumentan a 53 los casos de coronavirus en México, 2020-03-15T21:24:58,                          amqueretaro.com-?p=775256, wordpress
109,actividades no esenciales coronavirus, https://amqueretaro.com/?p=775230, Nicolás Maduro coloca en cuarentena a la ciudad de Caracas, 2020-03-15T16:42:29,                          amqueretaro.com-?p=775230, wordpress
110,actividades no esenciales coronavirus, https://amqueretaro.com/?p=775119, SEP determina adelantar vacaciones de Semana Santa, 2020-03-14T23:26:49,                          amqueretaro.com-?p=775119, wordpress
111,actividades no esenciales coronavirus, https://amqueretaro.com/?p=775114, México ya registra 41 casos de coronavirus al cierre de esta jornada, 2020-03-14T22:35:00,                          amqueretaro.com-?p=775114, wordpress
112,actividades no esenciales coronavirus, https://amqueretaro.com/?p=775081, La SEP presenta medidas de prevención para sector educativo ante coronavirus, 2020-03-14T18:18:55,                          amqueretaro.com-?p=775081, wordpress
113,actividades no esenciales coronavirus, https://amqueretaro.com/?p=774864, Capital Tec de Monterrey Conago y Suspensión de actividades, 2020-03-12T23:48:23,                          amqueretaro.com-?p=774864, wordpress
114,actividades no esenciales coronavirus, https://www.acontecerperiodico.com/?p=7203, Cierran sus cortinas de manera voluntaria 20 comercios no esenciales en Ecatepec, 2020-05-19T21:25:28,                          acontecerperiodico.com-?p=7203, wordpress
115,actividades no esenciales coronavirus, https://www.acontecerperiodico.com/?p=7068, Secretaria del Trabajo Estatal organizapanel acerca de la experiencia Sindical frente al COVID- 19, 2020-05-08T19:12:38,                          acontecerperiodico.com-?p=7068, wordpress
116,actividades no esenciales coronavirus, https://www.acontecerperiodico.com/?p=7020, Sanitizan en Naucalpan 70% de los mercados, 2020-05-06T02:48:20,                          acontecerperiodico.com-?p=7020, wordpress
117,actividades no esenciales coronavirus, https://www.acontecerperiodico.com/?p=6739, Reportan en Coacalco 4 casos de Covid-19 en todo el Municipio, 2020-04-09T18:39:25,                          acontecerperiodico.com-?p=6739, wordpress
118,actividades no esenciales coronavirus, https://www.acontecerperiodico.com/?p=6732, Apoyan a mas de 600 mil familias con programas sociales ante la pandemia:Alfredo del Mazo, 2020-04-08T14:03:08,                          acontecerperiodico.com-?p=6732, wordpress
119,actividades no esenciales coronavirus, https://www.acontecerperiodico.com/?p=6583, CIERRA NAUCALPAN PARQUE NAUCALLI PARA PREVENIR CONTAGIOS DE COVID-19, 2020-03-17T13:31:48,                          acontecerperiodico.com-?p=6583, wordpress
120,actividades no esenciales coronavirus, https://www.acontecerperiodico.com/?p=6559, SUSPENDEN CLASES EN TODAS LAS ESCUELAS DEL EDOMÉX, 2020-03-15T03:19:47,                          acontecerperiodico.com-?p=6559, wordpress
121,actividades no esenciales coronavirus, https://acropolismultimedios.mx/?p=127906, Ciclo Escolar 2019-2020 no se perderá este viernes propuesta para concluirlo: Gobernador Cuitláhuac García, 2020-05-15T18:00:37,                          acropolismultimedios.mx-?p=127906, wordpress
122,actividades no esenciales coronavirus, https://acropolismultimedios.mx/?p=127504, Ciclo Escolar 2019-2020 no se perderá a partir del 20 de abril continúa el programa “Aprende en Casa”: SEV, 2020-04-18T15:20:40,                          acropolismultimedios.mx-?p=127504, wordpress
123,actividades no esenciales coronavirus, https://acropolismultimedios.mx/?p=127412, COMUNICADO | Estrategia Estatal contra el coronavirus, 2020-04-11T17:40:14,                          acropolismultimedios.mx-?p=127412, wordpress
124,actividades no esenciales coronavirus, https://acropolismultimedios.mx/?p=127196, Estrategia Estatal contra el Coronavirus, 2020-03-31T20:00:08,                          acropolismultimedios.mx-?p=127196, wordpress
125,actividades no esenciales coronavirus, https://www.heraldo.mx/?p=500995, Deciden 6 estados aplazar reapertura, 2020-05-19T08:21:29,                          heraldo.mx-?p=500995, wordpress
126,actividades no esenciales coronavirus, https://www.heraldo.mx/?p=500879, Avizoran riesgos tras reapertura, 2020-05-18T17:59:26,                          heraldo.mx-?p=500879, wordpress
127,actividades no esenciales coronavirus, https://www.heraldo.mx/?p=500802, Anuncia AMLO inspecciones por sorteo a empresas, 2020-05-18T08:22:39,                          heraldo.mx-?p=500802, wordpress
128,actividades no esenciales coronavirus, https://www.heraldo.mx/?p=500617, En dos semanas, 2020-05-17T01:01:56,                          heraldo.mx-?p=500617, wordpress
129,actividades no esenciales coronavirus, https://www.heraldo.mx/?p=500423, Temen un rebrote en reinicio laboral, 2020-05-16T08:54:12,                          heraldo.mx-?p=500423, wordpress
130,actividades no esenciales coronavirus, https://www.heraldo.mx/?p=500385, Escalpelo 16 de Mayo, 2020-05-16T00:57:44,                          heraldo.mx-?p=500385, wordpress
131,actividades no esenciales coronavirus, https://www.heraldo.mx/?p=499523, Cuestionó y criticó Elektra medidas: AMLO, 2020-05-11T08:57:53,                          heraldo.mx-?p=499523, wordpress
132,actividades no esenciales coronavirus, https://www.heraldo.mx/?p=499286, Terminarán ciclo en casa, 2020-05-10T03:20:46,                          heraldo.mx-?p=499286, wordpress
133,actividades no esenciales coronavirus, https://www.heraldo.mx/?p=499339, Extrema cautela, 2020-05-10T00:43:06,                          heraldo.mx-?p=499339, wordpress
134,actividades no esenciales coronavirus, https://www.heraldo.mx/?p=498946, El colapso de los servicios de agua, 2020-05-08T07:20:43,                          heraldo.mx-?p=498946, wordpress
135,actividades no esenciales coronavirus, https://www.heraldo.mx/?p=498573, No persuade, 2020-05-06T01:30:52,                          heraldo.mx-?p=498573, wordpress
136,actividades no esenciales coronavirus, https://www.heraldo.mx/?p=498256, La crisis de salud ha impactado en serio, 2020-05-04T09:38:52,                          heraldo.mx-?p=498256, wordpress
137,actividades no esenciales coronavirus, https://www.heraldo.mx/?p=498196, Final incierto, 2020-05-04T00:58:36,                          heraldo.mx-?p=498196, wordpress
138,actividades no esenciales coronavirus, https://www.heraldo.mx/?p=498172, El colapso de los servicios de agua. El día después del coronavirus 2ª Parte, 2020-05-03T00:41:02,                          heraldo.mx-?p=498172, wordpress
139,actividades no esenciales coronavirus, https://www.heraldo.mx/?p=497648, Centro de Control y Confianza continúa en operación, 2020-05-01T07:44:29,                          heraldo.mx-?p=497648, wordpress
140,actividades no esenciales coronavirus, https://www.heraldo.mx/?p=497462, Dejemos de juzgar, 2020-04-30T00:18:43,                          heraldo.mx-?p=497462, wordpress
141,actividades no esenciales coronavirus, https://www.heraldo.mx/?p=497061, Cápsulas 28 de Abril, 2020-04-28T00:47:39,                          heraldo.mx-?p=497061, wordpress
142,actividades no esenciales coronavirus, https://www.heraldo.mx/?p=496723, Mismo propósito, 2020-04-26T01:01:24,                          heraldo.mx-?p=496723, wordpress
143,actividades no esenciales coronavirus, https://www.heraldo.mx/?p=496468, Invitan a no salir, 2020-04-25T01:14:42,                          heraldo.mx-?p=496468, wordpress
144,actividades no esenciales coronavirus, https://www.heraldo.mx/?p=496343, Escalpelo 24 de abril, 2020-04-24T08:53:19,                          heraldo.mx-?p=496343, wordpress
145,actividades no esenciales coronavirus, https://www.heraldo.mx/?p=496257, Acata el Agropecuario disposiciones para F3, 2020-04-24T07:26:02,                          heraldo.mx-?p=496257, wordpress
146,actividades no esenciales coronavirus, https://www.heraldo.mx/?p=496226, Analizan coordinar con EU reapertura económica, 2020-04-23T17:39:18,                          heraldo.mx-?p=496226, wordpress
147,actividades no esenciales coronavirus, https://www.heraldo.mx/?p=496074, Queda Marián Cantú confinada en Barcelona, 2020-04-23T00:20:04,                          heraldo.mx-?p=496074, wordpress
148,actividades no esenciales coronavirus, https://www.heraldo.mx/?p=495555, Endurecen estados medidas contra virus, 2020-04-20T08:36:38,                          heraldo.mx-?p=495555, wordpress
149,actividades no esenciales coronavirus, https://www.heraldo.mx/?p=495390, Aislamiento social será obligatorio en Jalisco, 2020-04-19T14:18:44,                          heraldo.mx-?p=495390, wordpress
150,actividades no esenciales coronavirus, https://www.heraldo.mx/?p=495138, “Quedarse en casa” es el llamado oficial, 2020-04-18T00:47:11,                          heraldo.mx-?p=495138, wordpress
151,actividades no esenciales coronavirus, https://www.heraldo.mx/?p=494899, Escalpelo 17 de abril, 2020-04-17T07:49:59,                          heraldo.mx-?p=494899, wordpress
152,actividades no esenciales coronavirus, http://www.heraldo.mx/?p=494618, Clasifican Covid-19 como enfermedad de trabajo, 2020-04-15T17:18:17,                          heraldo.mx-?p=494618, wordpress
153,actividades no esenciales coronavirus, http://www.heraldo.mx/?p=494432, Conservan empleo por el momento, 2020-04-14T17:24:05,                          heraldo.mx-?p=494432, wordpress
154,actividades no esenciales coronavirus, http://www.heraldo.mx/?p=494322, Escalpelo 14 de Abril, 2020-04-14T00:45:55,                          heraldo.mx-?p=494322, wordpress
155,actividades no esenciales coronavirus, http://www.heraldo.mx/?p=494205, Limita Sonora movilidad por Covid-19, 2020-04-13T17:42:01,                          heraldo.mx-?p=494205, wordpress
156,actividades no esenciales coronavirus, http://www.heraldo.mx/?p=494134, Escalpelo 13 de Abril, 2020-04-13T00:36:33,                          heraldo.mx-?p=494134, wordpress
157,actividades no esenciales coronavirus, http://www.heraldo.mx/?p=493916, Inexorable, 2020-04-12T00:14:02,                          heraldo.mx-?p=493916, wordpress
158,actividades no esenciales coronavirus, http://www.heraldo.mx/?p=493814, Nos veremos en las urnas, 2020-04-11T17:11:17,                          heraldo.mx-?p=493814, wordpress
159,actividades no esenciales coronavirus, http://www.heraldo.mx/?p=493609, Cápsulas 10 de abril, 2020-04-10T10:08:38,                          heraldo.mx-?p=493609, wordpress
160,actividades no esenciales coronavirus, http://www.heraldo.mx/?p=493375, Escalpelo 09 de Abril, 2020-04-09T00:28:17,                          heraldo.mx-?p=493375, wordpress
161,actividades no esenciales coronavirus, http://www.heraldo.mx/?p=492967, Escalpelo 07 de Abril, 2020-04-07T01:14:55,                          heraldo.mx-?p=492967, wordpress
162,actividades no esenciales coronavirus, http://www.heraldo.mx/?p=492658, Escalpelo 05 de Abril, 2020-04-05T01:17:25,                          heraldo.mx-?p=492658, wordpress
163,actividades no esenciales coronavirus, http://www.heraldo.mx/?p=492656, Surge una luz, 2020-04-05T01:16:38,                          heraldo.mx-?p=492656, wordpress
164,actividades no esenciales coronavirus, http://www.heraldo.mx/?p=492208, Escalpelo 3 de abril, 2020-04-03T08:10:22,                          heraldo.mx-?p=492208, wordpress
165,actividades no esenciales coronavirus, http://www.heraldo.mx/?p=492094, Tras gel y papel ahora vuelan cervezas, 2020-04-02T08:34:24,                          heraldo.mx-?p=492094, wordpress
166,actividades no esenciales coronavirus, http://www.heraldo.mx/?p=492085, Dan portazo a los empleos, 2020-04-02T08:27:50,                          heraldo.mx-?p=492085, wordpress
167,actividades no esenciales coronavirus, http://www.heraldo.mx/?p=491719, Seguirá en receso la justicia local, 2020-03-31T09:44:24,                          heraldo.mx-?p=491719, wordpress
168,actividades no esenciales coronavirus, http://www.heraldo.mx/?p=491692, Enlista Salud actividades que no pueden parar, 2020-03-31T09:00:04,                          heraldo.mx-?p=491692, wordpress
169,actividades no esenciales coronavirus, http://www.heraldo.mx/?p=491689, Amplían resguardo pagar y no despedir, 2020-03-31T08:59:13,                          heraldo.mx-?p=491689, wordpress
170,actividades no esenciales coronavirus, http://www.heraldo.mx/?p=491234, Rechaza población quedarse en casa, 2020-03-29T01:20:52,                          heraldo.mx-?p=491234, wordpress
171,actividades no esenciales coronavirus, http://www.heraldo.mx/?p=489602, Cápsulas 21 de Marzo, 2020-03-21T01:10:27,                          heraldo.mx-?p=489602, wordpress
172,actividades no esenciales coronavirus, http://www.heraldo.mx/?p=489490, Cierra EU frontera al turismo, 2020-03-20T17:25:28,                          heraldo.mx-?p=489490, wordpress
173,actividades no esenciales coronavirus, http://www.heraldo.mx/?p=489422, Se acordó con EU no afectar comercio: Ebrard, 2020-03-20T08:51:09,                          heraldo.mx-?p=489422, wordpress
174,actividades no esenciales coronavirus, http://www.heraldo.mx/?p=489028, Escalpelo 18 de Marzo, 2020-03-18T01:20:39,                          heraldo.mx-?p=489028, wordpress
175,actividades no esenciales coronavirus, http://www.heraldo.mx/?p=489017, Cápsulas 18 de Marzo, 2020-03-18T01:15:30,                          heraldo.mx-?p=489017, wordpress
176,actividades no esenciales coronavirus, http://www.heraldo.mx/?p=488586, Impulsará IEA medidas de prevención ante Covid-19, 2020-03-16T08:43:42,                          heraldo.mx-?p=488586, wordpress
177,actividades no esenciales coronavirus, http://www.heraldo.mx/?p=488520, Escalan acciones contra Covid-19, 2020-03-15T11:06:47,                          heraldo.mx-?p=488520, wordpress
178,actividades no esenciales coronavirus, http://www.heraldo.mx/?p=488507, Semana muy intensa, 2020-03-15T01:15:07,                          heraldo.mx-?p=488507, wordpress
179,actividades no esenciales coronavirus, http://www.heraldo.mx/?p=485315, ¿Qué son los coronavirus?, 2020-02-28T18:22:16,                          heraldo.mx-?p=485315, wordpress
180,ley seca coronavirus, https://azdiario.mx/?p=96084, Habrá Ley Seca en Xalapa los fines de semana ante COVID-19, 2020-05-15T03:18:00,                          azdiario.mx-?p=96084, wordpress
181,ley seca coronavirus, https://azdiario.mx/?p=95913, GRUPO MODELO DESMINTIÓ EL REINICIO DE DISTRIBUCIÓN EN LA CDMX, 2020-05-13T15:16:14,                          azdiario.mx-?p=95913, wordpress
182,ley seca coronavirus, https://amqueretaro.com/?p=787557, En México hay más de 30 defunciones por consumir alcohol adulterado, 2020-05-13T18:29:12,                          amqueretaro.com-?p=787557, wordpress
183,ley seca coronavirus, https://amqueretaro.com/?p=780851, Plataforma Red Local Querétaro agrupa a 526 empresas, 2020-04-16T05:20:02,                          amqueretaro.com-?p=780851, wordpress
184,ley seca coronavirus, https://amqueretaro.com/?p=780240, Capital prepara programa de microcréditos para apoyo al comercio, 2020-04-13T05:00:48,                          amqueretaro.com-?p=780240, wordpress
185,ley seca coronavirus, https://amqueretaro.com/?p=780095, El silencio reina en la Terminal de Autobuses, 2020-04-12T09:52:58,                          amqueretaro.com-?p=780095, wordpress
186,ley seca coronavirus, https://amqueretaro.com/?p=779998, Fotorreportaje: El silencio reina en la Terminal de Autobuses de Querétaro, 2020-04-12T05:00:23,                          amqueretaro.com-?p=779998, wordpress
187,ley seca coronavirus, https://amqueretaro.com/?p=778178, Por el momento en Querétaro no se implementa Ley Seca, 2020-04-02T12:56:48,                          amqueretaro.com-?p=778178, wordpress
188,ley seca coronavirus, https://amqueretaro.com/?p=775119, SEP determina adelantar vacaciones de Semana Santa, 2020-03-14T23:26:49,                          amqueretaro.com-?p=775119, wordpress
189,ley seca coronavirus, https://amqueretaro.com/?p=775081, La SEP presenta medidas de prevención para sector educativo ante coronavirus, 2020-03-14T18:18:55,                          amqueretaro.com-?p=775081, wordpress
190,ley seca coronavirus, https://amqueretaro.com/?p=765844, Profesor del IPN posible portador de coronavirus en México, 2020-01-22T10:11:16,                          amqueretaro.com-?p=765844, wordpress
191,protocolo seguridad coronavirus, https://azdiario.mx/?p=95953, Tabasco: Gobernador les dice “irresponsables” a quienes rompan confinamiento, 2020-05-14T16:15:06,                          azdiario.mx-?p=95953, wordpress
192,protocolo seguridad coronavirus, https://azdiario.mx/?p=95889, DEL TAMPICO MADERO PRIMER FUTBOLISTA EN MÉXICO QUE DA POSITIVO A COVID-19, 2020-05-13T14:30:35,                          azdiario.mx-?p=95889, wordpress
193,protocolo seguridad coronavirus, https://azdiario.mx/?p=95802, Guanajuato: Detectan interno del Cereso de León con coronavirus, 2020-05-12T17:39:35,                          azdiario.mx-?p=95802, wordpress
194,protocolo seguridad coronavirus, https://azdiario.mx/?p=95790, Hidalgo: Advierten posible colapso de red hospitalaria, 2020-05-12T17:28:56,                          azdiario.mx-?p=95790, wordpress
195,protocolo seguridad coronavirus, https://azdiario.mx/?p=95658, LA LIGA ESPAÑOLA CONFIRMÓ CINCO FUTBOLISTAS POSITIVOS POR CORONAVIRUS, 2020-05-11T14:32:15,                          azdiario.mx-?p=95658, wordpress
196,protocolo seguridad coronavirus, https://azdiario.mx/?p=95517, Sonora: Largas filas para comprar cerveza, 2020-05-07T03:00:49,                          azdiario.mx-?p=95517, wordpress
197,protocolo seguridad coronavirus, https://azdiario.mx/?p=95051, Edomex: Dan de alta a 23 presos diagnosticados con Covid-19, 2020-04-30T17:55:57,                          azdiario.mx-?p=95051, wordpress
198,protocolo seguridad coronavirus, https://azdiario.mx/?p=94315, CLUBES DE ITALIA NECESITAN COMPLETAR A COMO DÉ LUGAR LA TEMPORADA 2019-2020, 2020-04-22T14:02:36,                          azdiario.mx-?p=94315, wordpress
199,protocolo seguridad coronavirus, https://azdiario.mx/?p=93479, El personal sanitario de México empieza a protestar por las carencias de recursos y personal, 2020-04-03T19:03:51,                          azdiario.mx-?p=93479, wordpress
