actividades no esenciales coronavirus, https://azdiario.mx/?p=95916, AMLO PRESENTÓ EL PLAN DE REGRESO A LA NUEVA NORMALIDAD EN MÉXICO, 2020-05-13T15:22:36
actividades no esenciales coronavirus, https://azdiario.mx/?p=95823, Cuitláhuac García se reúne con Segob para tratar la  reactivación social y económica, 2020-05-13T00:15:20
actividades no esenciales coronavirus, https://azdiario.mx/?p=95811, Jalisco: Regreso a clases presenciales en agosto, 2020-05-12T17:48:11
actividades no esenciales coronavirus, https://azdiario.mx/?p=94373, A partir demañana Hoy No Circula obligatorio en Edomex, 2020-04-22T15:38:38
actividades no esenciales coronavirus, https://azdiario.mx/?p=94192, AMPLIAN PERIODO DE VERIFICACIÓN VEHICULAR EN CDMX POR CORONAVIRUS, 2020-04-21T14:39:28
actividades no esenciales coronavirus, https://azdiario.mx/?p=93969, DISTANCIAMIENTO SOCIAL HASTA EL 30 DE MAYO POR CORONAVIRUS, 2020-04-16T17:12:22
actividades no esenciales coronavirus, https://azdiario.mx/?p=93415, ELECCIONES DE COAHUILA E HIDALGO SUSPENDIDAS POR CORONAVIRUS, 2020-04-02T16:17:59
actividades no esenciales coronavirus, https://amqueretaro.com/?p=788681, Estos son los municipios que reanudaron sus actividades, 2020-05-18T17:47:51
actividades no esenciales coronavirus, https://amqueretaro.com/?p=787716, Intensifican bloqueo de calles para aminorar la movilización, 2020-05-17T04:55:38
actividades no esenciales coronavirus, https://amqueretaro.com/?p=788203, Así son los planes de la UNAM y CDMX contra la Covid-19, 2020-05-15T18:26:45
actividades no esenciales coronavirus, https://amqueretaro.com/?p=787411, Así funciona el semáforo de reinicio de actividades, 2020-05-13T10:07:56
actividades no esenciales coronavirus, https://amqueretaro.com/?p=787262, Esto propone diputado de Morena para apoyar a locatarios queretanos, 2020-05-12T21:37:06
actividades no esenciales coronavirus, https://amqueretaro.com/?p=787247, Con este método se definirá reinicio de actividades en desconfinamiento, 2020-05-12T20:20:04
actividades no esenciales coronavirus, https://amqueretaro.com/?p=787225, Lanzan iniciativa ‘Mi Tienda Segura’ para ayudar a pequeños comercios, 2020-05-12T18:40:47
actividades no esenciales coronavirus, https://amqueretaro.com/?p=786890, Querétaro apoyará con más de 400 mil pesos a organizaciones civiles, 2020-05-11T21:52:32
actividades no esenciales coronavirus, https://amqueretaro.com/?p=786535, Protección Civil reforzó el operativo para procurar las medidas sanitarias, 2020-05-10T14:08:03
actividades no esenciales coronavirus, https://amqueretaro.com/?p=785995, Medidas en San Juan del Río contienen al COVID-19, 2020-05-07T14:41:20
actividades no esenciales coronavirus, https://amqueretaro.com/?p=784892, Anuncia el gobernador medidas extraordinarias para mitigar efectos de COVID-19, 2020-05-02T14:39:12
actividades no esenciales coronavirus, https://amqueretaro.com/?p=783762, Aplicarán decomisos en tianguis por Fase 3; reforzarán prevención, 2020-04-28T04:00:43
actividades no esenciales coronavirus, https://amqueretaro.com/?p=782361, Querétaro reforzará medidas sanitarias ante fase 3 de coronavirus, 2020-04-22T00:10:21
actividades no esenciales coronavirus, https://amqueretaro.com/?p=781912, Michoacán decreta aislamiento obligatorio por coronavirus, 2020-04-20T11:23:06
actividades no esenciales coronavirus, https://amqueretaro.com/?p=780703, Aplican tres municipios de NL toque de queda; analizan hacerlo estatal, 2020-04-15T10:42:17
actividades no esenciales coronavirus, https://amqueretaro.com/?p=779664, CEI suspenderá obras por emergencia sanitaria, 2020-04-10T06:00:26
actividades no esenciales coronavirus, https://amqueretaro.com/?p=778919, Se refuerzan acciones de prevención contra Covid-19: Protección Civil, 2020-04-06T15:28:58
actividades no esenciales coronavirus, https://amqueretaro.com/?p=778916, Establecimientos no esenciales deben cerrar desde hoy, 2020-04-06T15:15:54
actividades no esenciales coronavirus, https://amqueretaro.com/?p=778178, Por el momento en Querétaro no se implementa Ley Seca, 2020-04-02T12:56:48
actividades no esenciales coronavirus, https://amqueretaro.com/?p=778117, Empresas cementeras suspenden actividades en el país, 2020-04-02T09:50:48
actividades no esenciales coronavirus, https://amqueretaro.com/?p=777708, Federación declara emergencia sanitaria, 2020-03-31T02:37:48
actividades no esenciales coronavirus, https://amqueretaro.com/?p=777668, La epidemia de coronavirus en México es declarada &#8216;emergencia sanitaria&#8217;, 2020-03-30T21:05:52
actividades no esenciales coronavirus, https://amqueretaro.com/?p=776895, Estos son los sitios cerrados y eventos cancelados por coronavirus en el estado, 2020-03-26T11:58:34
actividades no esenciales coronavirus, https://amqueretaro.com/?p=776807, Hugo López-Gatell informa que el gobierno federal suspende actividades, 2020-03-26T03:30:48
actividades no esenciales coronavirus, https://amqueretaro.com/?p=776075, Entra en vigor cierre parcial de la frontera entre México y EU, 2020-03-21T11:45:57
actividades no esenciales coronavirus, https://amqueretaro.com/?p=775986, IMSS y Sindicato acuerdan medidas de protección por COVID-19, 2020-03-20T17:37:20
actividades no esenciales coronavirus, https://amqueretaro.com/?p=775971, California en cuarentena obligatoria emite orden de «quedarse en casa», 2020-03-20T13:07:50
actividades no esenciales coronavirus, https://amqueretaro.com/?p=775964, Estados Unidos y México limitan cruce de frontera, 2020-03-20T12:47:00
actividades no esenciales coronavirus, https://amqueretaro.com/?p=775585, La UNAM suspende actividades presenciales hasta nuevo aviso, 2020-03-17T21:17:37
actividades no esenciales coronavirus, https://amqueretaro.com/?p=775480, IPN suspende clases ante Covid-19, 2020-03-17T09:10:48
actividades no esenciales coronavirus, https://www.acontecerperiodico.com/?p=6583, CIERRA NAUCALPAN PARQUE NAUCALLI PARA PREVENIR CONTAGIOS DE COVID-19, 2020-03-17T13:31:48
actividades no esenciales coronavirus, https://www.acontecerperiodico.com/?p=6559, SUSPENDEN CLASES EN TODAS LAS ESCUELAS DEL EDOMÉX, 2020-03-15T03:19:47
actividades no esenciales coronavirus, https://acropolismultimedios.mx/?p=127906, Ciclo Escolar 2019-2020 no se perderá este viernes propuesta para concluirlo: Gobernador Cuitláhuac García, 2020-05-15T18:00:37
actividades no esenciales coronavirus, https://acropolismultimedios.mx/?p=127412, COMUNICADO | Estrategia Estatal contra el coronavirus, 2020-04-11T17:40:14
actividades no esenciales coronavirus, https://acropolismultimedios.mx/?p=127196, Estrategia Estatal contra el Coronavirus, 2020-03-31T20:00:08
actividades no esenciales coronavirus, https://www.heraldo.mx/?p=500995, Deciden 6 estados aplazar reapertura, 2020-05-19T08:21:29
actividades no esenciales coronavirus, https://www.heraldo.mx/?p=495555, Endurecen estados medidas contra virus, 2020-04-20T08:36:38
actividades no esenciales coronavirus, https://www.heraldo.mx/?p=495390, Aislamiento social será obligatorio en Jalisco, 2020-04-19T14:18:44
actividades no esenciales coronavirus, https://www.heraldo.mx/?p=495138, “Quedarse en casa” es el llamado oficial, 2020-04-18T00:47:11
actividades no esenciales coronavirus, http://www.heraldo.mx/?p=494205, Limita Sonora movilidad por Covid-19, 2020-04-13T17:42:01